Model,Result,Similarity,Similarity (Non Case-Sensitive)
gemini-1.5-flash,0.07865168539325842,0.6320938288068506,0.7543485773738157
gemini-2.0-flash-lite,0.13,0.676771785132652,0.8030536873205913
gemini-2.0-flash,0.13657770800627944,0.6743325329932442,0.793843072746213
