Model,Result,Similarity,Similarity (Non Case-Sensitive)

gpt-4-turbo,0.03,0.5338389744242685,0.6405186589296497

gpt-4o-mini,0.024390243902439025,0.2044580338138805,0.2441280455290857

gpt-4o,0.06680584551148225,0.3674939703463965,0.4463972761172943


google_gemma-3-12b-it,0.05056179775280899,0.5105984337647642,0.6568743405108939

google_gemma-3-27b-it,0.04,0.5348191051710477,0.6600111559307454

google_gemma-3-4b-it,0.03206412825651302,0.45722325905059796,0.5878547063703754

meta-llama_llama-3.2-11b-vision-instruct,0.03,0.21117992437196256,0.2734606524201915

meta-llama_llama-3.2-90b-vision-instruct,0.016,0.18107688422432108,0.23793597901667982

minimax_minimax-01,0.09166666666666666,0.5643621643891239,0.6829664284955987

mistralai_mistral-small-3.1-24b-instruct,0.0707070707070707,0.5511514152906404,0.7165499911165546

mistralai_pixtral-12b,0.028,0.4172794203527339,0.5767071621998704

qwen_qwen-2.5-vl-72b-instruct,0.06813627254509018,0.5563104278612384,0.7124247450159026

qwen_qwen-2.5-vl-7b-instruct,0.03024193548387097,0.2947421767428357,0.371807992492269

qwen_qwen-vl-plus,0.0,0.17920506538817624,0.23274503818866404

