Model,Result,Similarity,Similarity (Non Case-Sensitive)
gpt-4-turbo,0.06,0.556768488838303,0.6685060016351038
gpt-4o-mini,0.10495626822157435,0.6029302930413535,0.7321371542059805
gpt-4o,0.11646586345381527,0.6145162095234009,0.7320988715874639
