Model,Result,Similarity,Similarity (Non Case-Sensitive)
gemini-1.5-flash-8b,0.028,0.5642096852236171,0.7443275747987823
gemini-1.5-flash,0.053,0.6397199955101658,0.7885290902666828
gemini-1.5-pro,0.0,0.64241452991453,0.8013736263736263
gemini-2.0-flash-lite,0.068,0.6496335132531728,0.8071960449423298
gemini-2.0-flash,0.11764705882352941,0.6800367932720874,0.8312618753795223
