Model,Result,Similarity,Similarity (Non Case-Sensitive)
gpt-4-turbo,0.03,0.5338389744242685,0.6405186589296497
gpt-4o-mini,0.024390243902439025,0.2044580338138805,0.2441280455290857
gpt-4o,0.06680584551148225,0.3674939703463965,0.4463972761172943
