Model,Result,Similarity,Similarity (Non Case-Sensitive)
gemini-1.5-flash-8b,0.02284263959390863,0.5716649006753279,0.7531950917757364
gemini-1.5-flash,0.06852791878172589,0.6362009194612407,0.7916471486558001
gemini-1.5-pro,0.0784313725490196,0.6601790395134048,0.8190353246718208
gemini-2.0-flash-lite,0.07788944723618091,0.6603431190015426,0.810570894956834
gemini-2.0-flash,0.07848101265822785,0.6782398022437995,0.8137550333125833
