Model,Result,Similarity,Similarity (Non Case-Sensitive)
gemini-1.5-flash-8b,0.0,0.12368024132729992,0.14701357466063328
gemini-1.5-flash,0.0,0.14356947954005453,0.14578376525433984
gemini-2.0-flash-lite,0.0,0.11024246376806471,0.1573214134655831
