Model,Result,Similarity,Similarity (Non Case-Sensitive)
gpt-4-turbo,0.052,0.5822505195227746,0.7149104015861095
gpt-4o-mini,0.047217537942664416,0.6300483274004276,0.7895893020301048
gpt-4o,0.05905905905905906,0.6009721747002766,0.7474642535495337
