Model,Result,Similarity,Similarity (Non Case-Sensitive)
gemini-1.5-flash-8b,0.098,0.6711654932958339,0.8155091518904212
gemini-1.5-pro,0.09090909090909091,0.693093483066745,0.8476970692211334
gemini-2.0-flash-lite,0.1337448559670782,0.6938905133091164,0.8226307233951825
gemini-2.0-flash,0.134,0.6970435498969555,0.8299259466883305
