Model,Result,Similarity,Similarity (Non Case-Sensitive)
gemini-1.5-flash-8b,0.08671065032987747,0.6300274062413583,0.7504419954066587
gemini-1.5-flash,0.1,0.672762883899726,0.7909402336225866
gemini-1.5-pro,0.2336448598130841,0.6939571539250368,0.8116015936745951
gemini-2.0-flash-lite-preview-02-05,0.106,0.6341140496349863,0.7374611471935568
gemini-2.0-flash,0.12782805429864252,0.6865591829755217,0.806955659719448
