Model,Result,Similarity,Similarity (Non Case-Sensitive)
gemini-1.5-flash-8b,0.0,0.10826426593766707,0.11081760960773676
gemini-1.5-flash,0.0,0.06292663046552974,0.1110973584460957
gemini-2.0-flash,0.0,0.04503976589122599,0.05115648128271345
