Model,Result,Similarity,Similarity (Non Case-Sensitive)
llama-3.2-11b-vision-instruct,0.02531645569620253,0.18976003304312727,0.23466896158662334
llama-3.2-90b-vision-instruct,0.064,0.3220927050316852,0.3989205796428595
