Model,Result,Similarity,Similarity (Non Case-Sensitive)
gpt-4-turbo,0.08,0.5523854230736583,0.6624015635035758
gpt-4o-mini,0.08,0.3234778929072422,0.38884970534271834
gpt-4o,0.09963768115942029,0.4021629628278243,0.48493889295731385
