Model,Result,Similarity,Similarity (Non Case-Sensitive)
gpt-4-turbo,0.086,0.576795699003439,0.6804518029098524
gpt-4o-mini,0.09316770186335403,0.6274570190475042,0.7414282849826289
gpt-4o,0.11530612244897959,0.6171689161781774,0.7479649197283252
