Model,Result,Similarity,Similarity (Non Case-Sensitive)
gemini-1.5-flash-8b,0.0,0.006693185583460573,0.011411435321812536
gemini-1.5-flash,0.074,0.5706873109399184,0.672961414079675
gemini-2.0-flash-lite,0.075,0.6425130425130425,0.7461130536130536
gemini-2.0-flash,0.138,0.6720527380301307,0.7974218233360244
